SERIAL,1,4.95
SERIAL,2,4.71
PARALLEL,1,5.75
PARALLEL,2,4.8
G1,1,1.29
G1,2,0.9
ZGC,1,4.0492989999999995
ZGC,2,3.022241
SHENANDOAH,1,5.2060439999999994
SHENANDOAH,2,2.813614
